,0,label
0,"[1, 32, 0]",210
1,"[1, 32, 0]",210
2,"[1, 32, 0]",210
3,"[1, 32, 0]",210
4,"[1, 32, 0]",210
5,"[1, 32, 0]",210
6,"[1, 32, 0]",210
7,"[1, 32, 0]",210
8,"[1, 32, 0]",210
9,"[1, 32, 0]",210
10,"[1, 32, 0]",210
11,"[1, 32, 0]",210
12,"[1, 32, 0]",210
13,"[1, 32, 0]",210
14,"[1, 32, 0]",210
15,"[1, 32, 0]",210
16,"[1, 32, 0]",210
17,"[1, 32, 0]",210
18,"[1, 32, 0]",210
19,"[1, 32, 0]",210
20,"[1, 143, 0]",210
21,"[1, 20, 0]",210
22,"[1, 159, 0]",210
23,"[1, 150, 0]",210
24,"[1, 150, 0]",210
25,"[1, 159, 0]",210
26,"[1, 84, 0]",210
27,"[1, 150, 0]",210
28,"[1, 159, 0]",210
29,"[1, 166, 0]",210
30,"[1, 32, 0]",210
31,"[1, 192, 0]",210
32,"[1, 20, 0]",210
33,"[1, 693, 0]",210
34,"[1, 641, 0]",210
35,"[1, 641, 0]",210
36,"[1, 20, 0]",210
37,"[1, 532, 0]",210
38,"[1, 143, 0]",210
39,"[1, 201, 0]",210
40,"[1, 20, 0]",210
41,"[1, 193, 0]",210
42,"[1, 84, 0]",210
43,"[1, 32, 0]",210
44,"[1, 641, 0]",210
45,"[1, 1380, 0]",210
46,"[1, 641, 0]",210
47,"[1, 20, 0]",210
48,"[1, 201, 0]",210
49,"[1, 221, 0]",210
50,"[1, 201, 0]",210
51,"[1, 693, 0]",210
52,"[1, 201, 0]",210
53,"[1, 20, 0]",210
54,"[1, 20, 0]",210
55,"[1, 532, 0]",210
56,"[1, 1380, 0]",210
57,"[1, 201, 0]",210
58,"[1, 20, 0]",210
59,"[1, 201, 0]",210
60,"[1, 201, 0]",210
61,"[1, 1380, 0]",210
62,"[1, 254, 0]",210
63,"[1, 201, 0]",210
64,"[1, 192, 0]",210
65,"[1, 201, 0]",210
66,"[1, 143, 0]",210
67,"[1, 192, 0]",210
68,"[1, 143, 0]",210
69,"[1, 51, 0]",210
70,"[1, 84, 0]",210
71,"[1, 51, 0]",210
72,"[1, 641, 0]",210
73,"[1, 201, 0]",210
74,"[1, 51, 0]",210
75,"[1, 201, 0]",210
76,"[1, 20, 0]",210
77,"[1, 1380, 0]",210
78,"[1, 693, 0]",210
79,"[1, 143, 0]",210
80,"[1, 32, 0]",210
81,"[1, 201, 0]",210
82,"[1, 201, 0]",210
83,"[1, 201, 0]",210
84,"[1, 32, 0]",210
85,"[1, 20, 0]",210
86,"[1, 201, 0]",210
87,"[1, 201, 0]",210
88,"[1, 693, 0]",210
89,"[1, 693, 0]",210
90,"[1, 532, 0]",210
91,"[1, 641, 0]",210
92,"[1, 254, 0]",210
93,"[1, 20, 0]",210
94,"[1, 20, 0]",210
95,"[1, 438, 0]",210
96,"[1, 546, 0]",210
97,"[1, 641, 0]",210
98,"[1, 1380, 0]",210
99,"[1, 98, 0]",210
100,"[1, 32, 0]",211
101,"[1, 32, 0]",211
102,"[1, 32, 0]",211
103,"[1, 32, 0]",211
104,"[1, 32, 0]",211
105,"[1, 32, 0]",211
106,"[1, 32, 0]",211
107,"[1, 32, 0]",211
108,"[1, 32, 0]",211
109,"[1, 32, 0]",211
110,"[1, 32, 0]",211
111,"[1, 32, 0]",211
112,"[1, 32, 0]",211
113,"[1, 32, 0]",211
114,"[1, 32, 0]",211
115,"[1, 32, 0]",211
116,"[1, 32, 0]",211
117,"[1, 32, 0]",211
118,"[1, 32, 0]",211
119,"[1, 32, 0]",211
120,"[1, 150, 0]",211
121,"[1, 150, 0]",211
122,"[1, 150, 0]",211
123,"[1, 219, 0]",211
124,"[1, 150, 0]",211
125,"[1, 159, 0]",211
126,"[1, 150, 0]",211
127,"[1, 143, 0]",211
128,"[1, 143, 0]",211
129,"[1, 143, 0]",211
130,"[1, 438, 0]",211
131,"[1, 201, 0]",211
132,"[1, 254, 0]",211
133,"[1, 143, 0]",211
134,"[1, 20, 0]",211
135,"[1, 84, 0]",211
136,"[1, 1380, 0]",211
137,"[1, 20, 0]",211
138,"[1, 20, 0]",211
139,"[1, 32, 0]",211
140,"[1, 641, 0]",211
141,"[1, 201, 0]",211
142,"[1, 201, 0]",211
143,"[1, 254, 0]",211
144,"[1, 192, 0]",211
145,"[1, 20, 0]",211
146,"[1, 192, 0]",211
147,"[1, 32, 0]",211
148,"[1, 201, 0]",211
149,"[1, 32, 0]",211
150,"[1, 251, 0]",211
151,"[1, 1380, 0]",211
152,"[1, 641, 0]",211
153,"[1, 20, 0]",211
154,"[1, 20, 0]",211
155,"[1, 1380, 0]",211
156,"[1, 20, 0]",211
157,"[1, 143, 0]",211
158,"[1, 254, 0]",211
159,"[1, 1380, 0]",211
160,"[1, 201, 0]",211
161,"[1, 254, 0]",211
162,"[1, 98, 0]",211
163,"[1, 143, 0]",211
164,"[1, 192, 0]",211
165,"[1, 20, 0]",211
166,"[1, 20, 0]",211
167,"[1, 1380, 0]",211
168,"[1, 254, 0]",211
169,"[1, 641, 0]",211
170,"[1, 641, 0]",211
171,"[1, 201, 0]",211
172,"[1, 143, 0]",211
173,"[1, 143, 0]",211
174,"[1, 252, 0]",211
175,"[1, 20, 0]",211
176,"[1, 1305, 0]",211
177,"[1, 254, 0]",211
178,"[1, 641, 0]",211
179,"[1, 201, 0]",211
180,"[1, 254, 0]",211
181,"[1, 20, 0]",211
182,"[1, 192, 0]",211
183,"[1, 20, 0]",211
184,"[1, 201, 0]",211
185,"[1, 192, 0]",211
186,"[1, 32, 0]",211
187,"[1, 201, 0]",211
188,"[1, 32, 0]",211
189,"[1, 251, 0]",211
190,"[1, 1380, 0]",211
191,"[1, 641, 0]",211
192,"[1, 20, 0]",211
193,"[1, 32, 0]",211
194,"[1, 20, 0]",211
195,"[1, 1380, 0]",211
196,"[1, 20, 0]",211
197,"[1, 143, 0]",211
198,"[1, 252, 0]",211
199,"[1, 254, 0]",211
200,"[1, 20, 0]",220
201,"[1, 140, 0]",220
202,"[1, 133, 0]",220
203,"[1, 20, 0]",220
204,"[1, 140, 0]",220
205,"[1, 133, 0]",220
206,"[1, 133, 0]",220
207,"[1, 133, 0]",220
208,"[1, 133, 0]",220
209,"[1, 20, 0]",220
210,"[1, 133, 0]",220
211,"[1, 133, 0]",220
212,"[1, 20, 0]",220
213,"[1, 140, 0]",220
214,"[1, 20, 0]",220
215,"[1, 20, 0]",220
216,"[1, 140, 0]",220
217,"[1, 133, 0]",220
218,"[1, 32, 0]",220
219,"[1, 32, 0]",220
220,"[1, 140, 0]",220
221,"[1, 133, 0]",220
222,"[1, 20, 0]",220
223,"[1, 20, 0]",220
224,"[1, 133, 0]",220
225,"[1, 133, 0]",220
226,"[1, 140, 0]",220
227,"[1, 32, 0]",220
228,"[0, 40, 0]",220
229,"[1, 40, 0]",220
230,"[0, 40, 0]",220
231,"[1, 40, 0]",220
232,"[0, 40, 0]",220
233,"[0, 552, 0]",220
234,"[0, 40, 0]",220
235,"[0, 40, 0]",220
236,"[0, 40, 0]",220
237,"[0, 40, 0]",220
238,"[0, 552, 0]",220
239,"[0, 40, 0]",220
240,"[0, 40, 0]",220
241,"[0, 40, 0]",220
242,"[0, 40, 0]",220
243,"[1, 40, 0]",220
244,"[0, 40, 0]",220
245,"[0, 40, 0]",220
246,"[0, 40, 0]",220
247,"[0, 40, 0]",220
248,"[0, 40, 0]",220
249,"[0, 40, 0]",220
250,"[0, 40, 0]",220
251,"[0, 40, 0]",220
252,"[0, 40, 0]",220
253,"[0, 40, 0]",220
254,"[0, 40, 0]",220
255,"[0, 40, 0]",220
256,"[0, 40, 0]",220
257,"[0, 40, 0]",220
258,"[0, 40, 0]",220
259,"[0, 40, 0]",220
260,"[0, 40, 0]",220
261,"[0, 40, 0]",220
262,"[0, 40, 0]",220
263,"[0, 40, 0]",220
264,"[0, 40, 0]",220
265,"[0, 40, 0]",220
266,"[0, 40, 0]",220
267,"[0, 40, 0]",220
268,"[0, 40, 0]",220
269,"[0, 40, 0]",220
270,"[0, 40, 0]",220
271,"[0, 40, 0]",220
272,"[0, 40, 0]",220
273,"[0, 40, 0]",220
274,"[0, 40, 0]",220
275,"[0, 40, 0]",220
276,"[0, 40, 0]",220
277,"[0, 40, 0]",220
278,"[0, 40, 0]",220
279,"[0, 40, 0]",220
280,"[0, 1500, 0]",220
281,"[0, 40, 0]",220
282,"[0, 40, 0]",220
283,"[0, 40, 0]",220
284,"[0, 40, 0]",220
285,"[0, 40, 0]",220
286,"[0, 212, 0]",220
287,"[0, 40, 0]",220
288,"[0, 40, 0]",220
289,"[0, 40, 0]",220
290,"[0, 40, 0]",220
291,"[0, 40, 0]",220
292,"[0, 40, 0]",220
293,"[0, 40, 0]",220
294,"[0, 40, 0]",220
295,"[0, 40, 0]",220
296,"[0, 40, 0]",220
297,"[0, 40, 0]",220
298,"[1, 160, 0]",220
299,"[0, 552, 0]",220
300,"[1, 20, 0]",221
301,"[1, 20, 0]",221
302,"[1, 140, 0]",221
303,"[1, 145, 0]",221
304,"[1, 159, 0]",221
305,"[1, 20, 0]",221
306,"[1, 133, 0]",221
307,"[1, 133, 0]",221
308,"[1, 20, 0]",221
309,"[1, 133, 0]",221
310,"[1, 78, 0]",221
311,"[1, 133, 0]",221
312,"[1, 140, 0]",221
313,"[1, 1380, 0]",221
314,"[1, 32, 0]",221
315,"[1, 140, 0]",221
316,"[1, 20, 0]",221
317,"[1, 133, 0]",221
318,"[1, 32, 0]",221
319,"[1, 20, 0]",221
320,"[1, 133, 0]",221
321,"[1, 20, 0]",221
322,"[1, 1380, 0]",221
323,"[1, 140, 0]",221
324,"[1, 192, 0]",221
325,"[1, 182, 0]",221
326,"[0, 40, 0]",221
327,"[0, 40, 0]",221
328,"[0, 40, 0]",221
329,"[0, 40, 0]",221
330,"[0, 40, 0]",221
331,"[0, 40, 0]",221
332,"[0, 40, 0]",221
333,"[0, 40, 0]",221
334,"[0, 40, 0]",221
335,"[0, 40, 0]",221
336,"[0, 40, 0]",221
337,"[1, 40, 0]",221
338,"[0, 40, 0]",221
339,"[0, 40, 0]",221
340,"[0, 40, 0]",221
341,"[0, 40, 0]",221
342,"[1, 52, 0]",221
343,"[1, 40, 0]",221
344,"[0, 1431, 0]",221
345,"[0, 40, 0]",221
346,"[0, 40, 0]",221
347,"[1, 40, 0]",221
348,"[0, 40, 0]",221
349,"[0, 40, 0]",221
350,"[0, 552, 0]",221
351,"[0, 40, 0]",221
352,"[1, 40, 0]",221
353,"[0, 40, 0]",221
354,"[0, 40, 0]",221
355,"[0, 40, 0]",221
356,"[0, 40, 0]",221
357,"[0, 40, 0]",221
358,"[0, 40, 0]",221
359,"[0, 561, 0]",221
360,"[0, 40, 0]",221
361,"[0, 40, 0]",221
362,"[0, 552, 0]",221
363,"[0, 212, 0]",221
364,"[0, 40, 0]",221
365,"[0, 40, 0]",221
366,"[0, 40, 0]",221
367,"[0, 40, 0]",221
368,"[1, 40, 0]",221
369,"[0, 40, 0]",221
370,"[0, 40, 0]",221
371,"[0, 40, 0]",221
372,"[1, 40, 0]",221
373,"[0, 40, 0]",221
374,"[0, 40, 0]",221
375,"[0, 40, 0]",221
376,"[0, 40, 0]",221
377,"[0, 212, 0]",221
378,"[0, 40, 0]",221
379,"[0, 40, 0]",221
380,"[1, 52, 0]",221
381,"[0, 40, 0]",221
382,"[1, 40, 0]",221
383,"[0, 40, 0]",221
384,"[0, 40, 0]",221
385,"[0, 40, 0]",221
386,"[0, 40, 0]",221
387,"[0, 40, 0]",221
388,"[0, 212, 0]",221
389,"[0, 561, 0]",221
390,"[0, 40, 0]",221
391,"[0, 40, 0]",221
392,"[0, 40, 0]",221
393,"[0, 40, 0]",221
394,"[0, 40, 0]",221
395,"[0, 40, 0]",221
396,"[0, 40, 0]",221
397,"[0, 40, 0]",221
398,"[0, 40, 0]",221
399,"[1, 40, 0]",221
400,"[1, 60, 0]",310
401,"[1, 60, 0]",310
402,"[1, 60, 0]",310
403,"[1, 118, 0]",310
404,"[1, 118, 0]",310
405,"[1, 60, 0]",310
406,"[1, 118, 0]",310
407,"[1, 118, 0]",310
408,"[1, 118, 0]",310
409,"[1, 118, 0]",310
410,"[1, 60, 0]",310
411,"[1, 60, 0]",310
412,"[1, 60, 0]",310
413,"[1, 60, 0]",310
414,"[1, 60, 0]",310
415,"[1, 60, 0]",310
416,"[1, 60, 0]",310
417,"[1, 60, 0]",310
418,"[1, 60, 0]",310
419,"[1, 60, 0]",310
420,"[1, 60, 0]",310
421,"[1, 60, 0]",310
422,"[1, 60, 0]",310
423,"[1, 60, 0]",310
424,"[1, 60, 0]",310
425,"[1, 60, 0]",310
426,"[1, 60, 0]",310
427,"[1, 60, 0]",310
428,"[1, 60, 0]",310
429,"[1, 60, 0]",310
430,"[1, 60, 0]",310
431,"[1, 60, 0]",310
432,"[1, 60, 0]",310
433,"[1, 60, 0]",310
434,"[1, 60, 0]",310
435,"[1, 60, 0]",310
436,"[1, 60, 0]",310
437,"[1, 60, 0]",310
438,"[1, 60, 0]",310
439,"[1, 60, 0]",310
440,"[1, 60, 0]",310
441,"[1, 60, 0]",310
442,"[1, 60, 0]",310
443,"[1, 60, 0]",310
444,"[1, 60, 0]",310
445,"[1, 60, 0]",310
446,"[1, 60, 0]",310
447,"[1, 60, 0]",310
448,"[1, 60, 0]",310
449,"[1, 60, 0]",310
450,"[1, 60, 0]",310
451,"[1, 60, 0]",310
452,"[1, 60, 0]",310
453,"[1, 60, 0]",310
454,"[1, 60, 0]",310
455,"[1, 60, 0]",310
456,"[1, 60, 0]",310
457,"[1, 60, 0]",310
458,"[1, 60, 0]",310
459,"[1, 60, 0]",310
460,"[1, 60, 0]",310
461,"[1, 60, 0]",310
462,"[1, 60, 0]",310
463,"[1, 60, 0]",310
464,"[1, 60, 0]",310
465,"[1, 60, 0]",310
466,"[1, 60, 0]",310
467,"[1, 60, 0]",310
468,"[1, 60, 0]",310
469,"[1, 60, 0]",310
470,"[1, 60, 0]",310
471,"[1, 60, 0]",310
472,"[1, 60, 0]",310
473,"[1, 60, 0]",310
474,"[1, 60, 0]",310
475,"[1, 60, 0]",310
476,"[1, 60, 0]",310
477,"[1, 60, 0]",310
478,"[1, 60, 0]",310
479,"[1, 60, 0]",310
480,"[1, 60, 0]",310
481,"[1, 60, 0]",310
482,"[1, 60, 0]",310
483,"[1, 60, 0]",310
484,"[1, 60, 0]",310
485,"[1, 60, 0]",310
486,"[1, 60, 0]",310
487,"[1, 60, 0]",310
488,"[1, 60, 0]",310
489,"[1, 60, 0]",310
490,"[1, 60, 0]",310
491,"[1, 60, 0]",310
492,"[1, 60, 0]",310
493,"[1, 60, 0]",310
494,"[1, 60, 0]",310
495,"[1, 60, 0]",310
496,"[1, 60, 0]",310
497,"[1, 60, 0]",310
498,"[1, 60, 0]",310
499,"[1, 60, 0]",310
500,"[1, 60, 0]",311
501,"[1, 60, 0]",311
502,"[1, 60, 0]",311
503,"[1, 60, 0]",311
504,"[1, 60, 0]",311
505,"[1, 60, 0]",311
506,"[1, 60, 0]",311
507,"[1, 60, 0]",311
508,"[1, 60, 0]",311
509,"[1, 60, 0]",311
510,"[1, 60, 0]",311
511,"[1, 60, 0]",311
512,"[1, 60, 0]",311
513,"[1, 60, 0]",311
514,"[1, 60, 0]",311
515,"[1, 60, 0]",311
516,"[1, 60, 0]",311
517,"[1, 60, 0]",311
518,"[1, 118, 0]",311
519,"[1, 118, 0]",311
520,"[1, 118, 0]",311
521,"[1, 118, 0]",311
522,"[1, 118, 0]",311
523,"[1, 118, 0]",311
524,"[1, 266, 0]",311
525,"[1, 118, 0]",311
526,"[1, 60, 0]",311
527,"[1, 60, 0]",311
528,"[1, 60, 0]",311
529,"[1, 60, 0]",311
530,"[1, 60, 0]",311
531,"[1, 60, 0]",311
532,"[1, 60, 0]",311
533,"[1, 60, 0]",311
534,"[1, 60, 0]",311
535,"[1, 60, 0]",311
536,"[1, 60, 0]",311
537,"[1, 60, 0]",311
538,"[1, 60, 0]",311
539,"[1, 60, 0]",311
540,"[1, 60, 0]",311
541,"[1, 60, 0]",311
542,"[1, 60, 0]",311
543,"[1, 60, 0]",311
544,"[1, 60, 0]",311
545,"[1, 60, 0]",311
546,"[1, 60, 0]",311
547,"[1, 60, 0]",311
548,"[1, 60, 0]",311
549,"[1, 60, 0]",311
550,"[1, 60, 0]",311
551,"[1, 60, 0]",311
552,"[1, 60, 0]",311
553,"[1, 60, 0]",311
554,"[1, 60, 0]",311
555,"[1, 60, 0]",311
556,"[1, 60, 0]",311
557,"[1, 60, 0]",311
558,"[1, 60, 0]",311
559,"[1, 60, 0]",311
560,"[1, 60, 0]",311
561,"[1, 60, 0]",311
562,"[1, 60, 0]",311
563,"[1, 60, 0]",311
564,"[1, 60, 0]",311
565,"[1, 60, 0]",311
566,"[1, 60, 0]",311
567,"[1, 60, 0]",311
568,"[1, 60, 0]",311
569,"[1, 60, 0]",311
570,"[1, 60, 0]",311
571,"[1, 60, 0]",311
572,"[1, 60, 0]",311
573,"[1, 60, 0]",311
574,"[1, 60, 0]",311
575,"[1, 60, 0]",311
576,"[1, 60, 0]",311
577,"[1, 60, 0]",311
578,"[1, 60, 0]",311
579,"[1, 60, 0]",311
580,"[1, 60, 0]",311
581,"[1, 60, 0]",311
582,"[1, 60, 0]",311
583,"[1, 60, 0]",311
584,"[1, 60, 0]",311
585,"[1, 60, 0]",311
586,"[1, 60, 0]",311
587,"[1, 60, 0]",311
588,"[1, 60, 0]",311
589,"[1, 60, 0]",311
590,"[1, 60, 0]",311
591,"[1, 60, 0]",311
592,"[1, 60, 0]",311
593,"[1, 60, 0]",311
594,"[1, 60, 0]",311
595,"[1, 60, 0]",311
596,"[1, 60, 0]",311
597,"[1, 60, 0]",311
598,"[1, 60, 0]",311
599,"[1, 60, 0]",311
600,"[1, 270, 0]",320
601,"[1, 105, 0]",320
602,"[1, 270, 0]",320
603,"[1, 60, 0]",320
604,"[1, 105, 0]",320
605,"[1, 105, 0]",320
606,"[1, 105, 0]",320
607,"[1, 105, 0]",320
608,"[1, 270, 0]",320
609,"[1, 105, 0]",320
610,"[1, 60, 0]",320
611,"[1, 60, 0]",320
612,"[1, 60, 0]",320
613,"[1, 60, 0]",320
614,"[1, 60, 0]",320
615,"[1, 60, 0]",320
616,"[1, 60, 0]",320
617,"[1, 60, 0]",320
618,"[1, 60, 0]",320
619,"[1, 60, 0]",320
620,"[1, 60, 0]",320
621,"[1, 60, 0]",320
622,"[1, 60, 0]",320
623,"[1, 60, 0]",320
624,"[1, 60, 0]",320
625,"[1, 60, 0]",320
626,"[1, 60, 0]",320
627,"[1, 60, 0]",320
628,"[1, 60, 0]",320
629,"[1, 60, 0]",320
630,"[1, 60, 0]",320
631,"[1, 60, 0]",320
632,"[1, 60, 0]",320
633,"[1, 60, 0]",320
634,"[1, 60, 0]",320
635,"[1, 60, 0]",320
636,"[1, 60, 0]",320
637,"[1, 60, 0]",320
638,"[1, 60, 0]",320
639,"[1, 60, 0]",320
640,"[1, 60, 0]",320
641,"[1, 60, 0]",320
642,"[1, 60, 0]",320
643,"[1, 60, 0]",320
644,"[1, 60, 0]",320
645,"[1, 60, 0]",320
646,"[1, 60, 0]",320
647,"[1, 60, 0]",320
648,"[1, 60, 0]",320
649,"[1, 60, 0]",320
650,"[1, 60, 0]",320
651,"[1, 60, 0]",320
652,"[1, 60, 0]",320
653,"[1, 60, 0]",320
654,"[1, 60, 0]",320
655,"[1, 60, 0]",320
656,"[1, 60, 0]",320
657,"[1, 60, 0]",320
658,"[1, 60, 0]",320
659,"[1, 60, 0]",320
660,"[1, 60, 0]",320
661,"[1, 60, 0]",320
662,"[1, 60, 0]",320
663,"[1, 60, 0]",320
664,"[1, 60, 0]",320
665,"[1, 60, 0]",320
666,"[1, 60, 0]",320
667,"[1, 60, 0]",320
668,"[1, 60, 0]",320
669,"[1, 60, 0]",320
670,"[1, 60, 0]",320
671,"[1, 60, 0]",320
672,"[1, 60, 0]",320
673,"[1, 60, 0]",320
674,"[1, 60, 0]",320
675,"[1, 60, 0]",320
676,"[1, 60, 0]",320
677,"[1, 60, 0]",320
678,"[1, 60, 0]",320
679,"[1, 60, 0]",320
680,"[1, 60, 0]",320
681,"[1, 60, 0]",320
682,"[1, 60, 0]",320
683,"[1, 60, 0]",320
684,"[1, 60, 0]",320
685,"[1, 60, 0]",320
686,"[1, 60, 0]",320
687,"[1, 60, 0]",320
688,"[1, 60, 0]",320
689,"[1, 60, 0]",320
690,"[1, 60, 0]",320
691,"[1, 60, 0]",320
692,"[1, 60, 0]",320
693,"[1, 60, 0]",320
694,"[1, 60, 0]",320
695,"[1, 60, 0]",320
696,"[1, 60, 0]",320
697,"[1, 60, 0]",320
698,"[1, 60, 0]",320
699,"[1, 60, 0]",320
700,"[1, 60, 0]",321
701,"[1, 60, 0]",321
702,"[1, 60, 0]",321
703,"[1, 60, 0]",321
704,"[1, 60, 0]",321
705,"[1, 60, 0]",321
706,"[1, 60, 0]",321
707,"[1, 60, 0]",321
708,"[1, 60, 0]",321
709,"[1, 60, 0]",321
710,"[1, 60, 0]",321
711,"[1, 60, 0]",321
712,"[1, 60, 0]",321
713,"[1, 60, 0]",321
714,"[1, 60, 0]",321
715,"[1, 60, 0]",321
716,"[1, 60, 0]",321
717,"[1, 60, 0]",321
718,"[1, 60, 0]",321
719,"[1, 60, 0]",321
720,"[1, 60, 0]",321
721,"[1, 60, 0]",321
722,"[1, 60, 0]",321
723,"[1, 60, 0]",321
724,"[1, 60, 0]",321
725,"[1, 60, 0]",321
726,"[1, 60, 0]",321
727,"[1, 60, 0]",321
728,"[1, 60, 0]",321
729,"[1, 60, 0]",321
730,"[1, 60, 0]",321
731,"[1, 60, 0]",321
732,"[1, 60, 0]",321
733,"[1, 60, 0]",321
734,"[1, 60, 0]",321
735,"[1, 60, 0]",321
736,"[1, 60, 0]",321
737,"[1, 60, 0]",321
738,"[1, 60, 0]",321
739,"[1, 60, 0]",321
740,"[1, 60, 0]",321
741,"[1, 60, 0]",321
742,"[1, 60, 0]",321
743,"[1, 60, 0]",321
744,"[1, 60, 0]",321
745,"[1, 60, 0]",321
746,"[1, 60, 0]",321
747,"[1, 60, 0]",321
748,"[1, 60, 0]",321
749,"[1, 60, 0]",321
750,"[1, 60, 0]",321
751,"[1, 60, 0]",321
752,"[1, 60, 0]",321
753,"[1, 60, 0]",321
754,"[1, 60, 0]",321
755,"[1, 60, 0]",321
756,"[1, 60, 0]",321
757,"[1, 60, 0]",321
758,"[1, 60, 0]",321
759,"[1, 60, 0]",321
760,"[1, 60, 0]",321
761,"[1, 60, 0]",321
762,"[1, 60, 0]",321
763,"[1, 60, 0]",321
764,"[1, 60, 0]",321
765,"[1, 60, 0]",321
766,"[1, 60, 0]",321
767,"[1, 60, 0]",321
768,"[1, 60, 0]",321
769,"[1, 60, 0]",321
770,"[1, 60, 0]",321
771,"[1, 60, 0]",321
772,"[1, 60, 0]",321
773,"[1, 60, 0]",321
774,"[1, 60, 0]",321
775,"[1, 60, 0]",321
776,"[1, 60, 0]",321
777,"[1, 60, 0]",321
778,"[1, 60, 0]",321
779,"[1, 60, 0]",321
780,"[1, 60, 0]",321
781,"[1, 60, 0]",321
782,"[1, 60, 0]",321
783,"[1, 60, 0]",321
784,"[1, 60, 0]",321
785,"[1, 60, 0]",321
786,"[1, 60, 0]",321
787,"[1, 60, 0]",321
788,"[1, 60, 0]",321
789,"[1, 60, 0]",321
790,"[1, 60, 0]",321
791,"[1, 60, 0]",321
792,"[1, 60, 0]",321
793,"[1, 60, 0]",321
794,"[1, 60, 0]",321
795,"[1, 60, 0]",321
796,"[1, 60, 0]",321
797,"[1, 60, 0]",321
798,"[1, 60, 0]",321
799,"[1, 60, 0]",321
800,"[1, 118, 0]",410
801,"[1, 118, 0]",410
802,"[1, 118, 0]",410
803,"[1, 118, 0]",410
804,"[1, 118, 0]",410
805,"[1, 118, 0]",410
806,"[1, 118, 0]",410
807,"[1, 118, 0]",410
808,"[1, 118, 0]",410
809,"[1, 118, 0]",410
810,"[1, 118, 0]",410
811,"[1, 118, 0]",410
812,"[1, 118, 0]",410
813,"[1, 64, 0]",410
814,"[1, 118, 0]",410
815,"[1, 118, 0]",410
816,"[1, 118, 0]",410
817,"[1, 118, 0]",410
818,"[1, 118, 0]",410
819,"[1, 118, 0]",410
820,"[1, 118, 0]",410
821,"[1, 118, 0]",410
822,"[1, 118, 0]",410
823,"[1, 118, 0]",410
824,"[1, 118, 0]",410
825,"[1, 118, 0]",410
826,"[1, 118, 0]",410
827,"[1, 118, 0]",410
828,"[1, 118, 0]",410
829,"[1, 118, 0]",410
830,"[1, 118, 0]",410
831,"[1, 118, 0]",410
832,"[1, 118, 0]",410
833,"[1, 118, 0]",410
834,"[1, 118, 0]",410
835,"[1, 118, 0]",410
836,"[1, 118, 0]",410
837,"[1, 118, 0]",410
838,"[1, 118, 0]",410
839,"[1, 118, 0]",410
840,"[1, 118, 0]",410
841,"[1, 118, 0]",410
842,"[1, 118, 0]",410
843,"[1, 118, 0]",410
844,"[1, 118, 0]",410
845,"[1, 118, 0]",410
846,"[1, 118, 0]",410
847,"[1, 118, 0]",410
848,"[1, 118, 0]",410
849,"[1, 118, 0]",410
850,"[1, 118, 0]",410
851,"[1, 118, 0]",410
852,"[1, 118, 0]",410
853,"[1, 118, 0]",410
854,"[1, 118, 0]",410
855,"[1, 118, 0]",410
856,"[1, 118, 0]",410
857,"[1, 118, 0]",410
858,"[1, 118, 0]",410
859,"[1, 118, 0]",410
860,"[1, 118, 0]",410
861,"[1, 118, 0]",410
862,"[1, 118, 0]",410
863,"[1, 118, 0]",410
864,"[1, 118, 0]",410
865,"[1, 118, 0]",410
866,"[1, 118, 0]",410
867,"[1, 118, 0]",410
868,"[1, 118, 0]",410
869,"[1, 118, 0]",410
870,"[1, 118, 0]",410
871,"[1, 118, 0]",410
872,"[1, 118, 0]",410
873,"[1, 118, 0]",410
874,"[1, 118, 0]",410
875,"[1, 64, 0]",410
876,"[1, 118, 0]",410
877,"[1, 118, 0]",410
878,"[1, 118, 0]",410
879,"[1, 118, 0]",410
880,"[1, 118, 0]",410
881,"[1, 118, 0]",410
882,"[1, 118, 0]",410
883,"[1, 118, 0]",410
884,"[1, 118, 0]",410
885,"[1, 118, 0]",410
886,"[1, 118, 0]",410
887,"[1, 118, 0]",410
888,"[1, 118, 0]",410
889,"[1, 118, 0]",410
890,"[1, 118, 0]",410
891,"[1, 118, 0]",410
892,"[1, 118, 0]",410
893,"[1, 118, 0]",410
894,"[1, 118, 0]",410
895,"[1, 118, 0]",410
896,"[1, 118, 0]",410
897,"[1, 118, 0]",410
898,"[1, 118, 0]",410
899,"[1, 118, 0]",410
900,"[1, 118, 0]",411
901,"[1, 118, 0]",411
902,"[1, 118, 0]",411
903,"[1, 118, 0]",411
904,"[1, 118, 0]",411
905,"[1, 118, 0]",411
906,"[1, 118, 0]",411
907,"[1, 118, 0]",411
908,"[1, 118, 0]",411
909,"[1, 118, 0]",411
910,"[1, 118, 0]",411
911,"[1, 118, 0]",411
912,"[1, 118, 0]",411
913,"[1, 118, 0]",411
914,"[1, 118, 0]",411
915,"[1, 266, 0]",411
916,"[1, 118, 0]",411
917,"[1, 118, 0]",411
918,"[1, 118, 0]",411
919,"[1, 118, 0]",411
920,"[1, 118, 0]",411
921,"[1, 118, 0]",411
922,"[1, 118, 0]",411
923,"[1, 118, 0]",411
924,"[1, 118, 0]",411
925,"[1, 118, 0]",411
926,"[1, 118, 0]",411
927,"[1, 118, 0]",411
928,"[1, 118, 0]",411
929,"[1, 64, 0]",411
930,"[1, 118, 0]",411
931,"[1, 118, 0]",411
932,"[1, 118, 0]",411
933,"[1, 118, 0]",411
934,"[1, 118, 0]",411
935,"[1, 118, 0]",411
936,"[1, 118, 0]",411
937,"[1, 118, 0]",411
938,"[1, 118, 0]",411
939,"[1, 118, 0]",411
940,"[1, 118, 0]",411
941,"[1, 118, 0]",411
942,"[1, 118, 0]",411
943,"[1, 118, 0]",411
944,"[1, 118, 0]",411
945,"[1, 118, 0]",411
946,"[1, 118, 0]",411
947,"[1, 118, 0]",411
948,"[1, 118, 0]",411
949,"[1, 118, 0]",411
950,"[1, 118, 0]",411
951,"[1, 118, 0]",411
952,"[1, 118, 0]",411
953,"[1, 118, 0]",411
954,"[1, 118, 0]",411
955,"[1, 118, 0]",411
956,"[1, 118, 0]",411
957,"[1, 118, 0]",411
958,"[1, 118, 0]",411
959,"[1, 118, 0]",411
960,"[1, 118, 0]",411
961,"[1, 118, 0]",411
962,"[1, 118, 0]",411
963,"[1, 118, 0]",411
964,"[1, 118, 0]",411
965,"[1, 118, 0]",411
966,"[1, 118, 0]",411
967,"[1, 118, 0]",411
968,"[1, 118, 0]",411
969,"[1, 118, 0]",411
970,"[1, 64, 0]",411
971,"[1, 118, 0]",411
972,"[1, 118, 0]",411
973,"[1, 118, 0]",411
974,"[1, 118, 0]",411
975,"[1, 118, 0]",411
976,"[1, 118, 0]",411
977,"[1, 118, 0]",411
978,"[1, 118, 0]",411
979,"[1, 118, 0]",411
980,"[1, 118, 0]",411
981,"[1, 118, 0]",411
982,"[1, 118, 0]",411
983,"[1, 118, 0]",411
984,"[1, 118, 0]",411
985,"[1, 118, 0]",411
986,"[1, 118, 0]",411
987,"[1, 118, 0]",411
988,"[1, 118, 0]",411
989,"[1, 118, 0]",411
990,"[1, 118, 0]",411
991,"[1, 118, 0]",411
992,"[1, 118, 0]",411
993,"[1, 118, 0]",411
994,"[1, 118, 0]",411
995,"[1, 118, 0]",411
996,"[1, 118, 0]",411
997,"[1, 118, 0]",411
998,"[1, 118, 0]",411
999,"[1, 118, 0]",411
1000,"[1, 64, 0]",420
1001,"[1, 64, 0]",420
1002,"[1, 64, 0]",420
1003,"[1, 64, 0]",420
1004,"[1, 129, 0]",420
1005,"[1, 64, 0]",420
1006,"[1, 64, 0]",420
1007,"[1, 64, 0]",420
1008,"[1, 64, 0]",420
1009,"[1, 105, 0]",420
1010,"[1, 64, 0]",420
1011,"[1, 64, 0]",420
1012,"[1, 64, 0]",420
1013,"[1, 64, 0]",420
1014,"[1, 64, 0]",420
1015,"[1, 64, 0]",420
1016,"[1, 64, 0]",420
1017,"[1, 64, 0]",420
1018,"[1, 64, 0]",420
1019,"[1, 64, 0]",420
1020,"[1, 64, 0]",420
1021,"[1, 64, 0]",420
1022,"[1, 64, 0]",420
1023,"[1, 64, 0]",420
1024,"[1, 64, 0]",420
1025,"[1, 64, 0]",420
1026,"[1, 64, 0]",420
1027,"[1, 64, 0]",420
1028,"[1, 64, 0]",420
1029,"[1, 64, 0]",420
1030,"[1, 64, 0]",420
1031,"[1, 64, 0]",420
1032,"[1, 64, 0]",420
1033,"[1, 64, 0]",420
1034,"[1, 64, 0]",420
1035,"[1, 64, 0]",420
1036,"[1, 64, 0]",420
1037,"[1, 64, 0]",420
1038,"[1, 64, 0]",420
1039,"[1, 64, 0]",420
1040,"[1, 105, 0]",420
1041,"[1, 64, 0]",420
1042,"[1, 64, 0]",420
1043,"[1, 64, 0]",420
1044,"[1, 64, 0]",420
1045,"[1, 64, 0]",420
1046,"[1, 64, 0]",420
1047,"[1, 64, 0]",420
1048,"[1, 64, 0]",420
1049,"[1, 64, 0]",420
1050,"[1, 64, 0]",420
1051,"[1, 64, 0]",420
1052,"[1, 64, 0]",420
1053,"[1, 64, 0]",420
1054,"[1, 64, 0]",420
1055,"[1, 64, 0]",420
1056,"[1, 64, 0]",420
1057,"[1, 64, 0]",420
1058,"[1, 64, 0]",420
1059,"[1, 64, 0]",420
1060,"[1, 64, 0]",420
1061,"[1, 64, 0]",420
1062,"[1, 64, 0]",420
1063,"[1, 64, 0]",420
1064,"[1, 64, 0]",420
1065,"[1, 64, 0]",420
1066,"[1, 64, 0]",420
1067,"[1, 64, 0]",420
1068,"[1, 64, 0]",420
1069,"[1, 64, 0]",420
1070,"[1, 64, 0]",420
1071,"[1, 64, 0]",420
1072,"[1, 64, 0]",420
1073,"[1, 64, 0]",420
1074,"[1, 64, 0]",420
1075,"[1, 64, 0]",420
1076,"[1, 64, 0]",420
1077,"[1, 64, 0]",420
1078,"[1, 64, 0]",420
1079,"[1, 64, 0]",420
1080,"[1, 64, 0]",420
1081,"[1, 64, 0]",420
1082,"[1, 64, 0]",420
1083,"[1, 64, 0]",420
1084,"[1, 64, 0]",420
1085,"[1, 64, 0]",420
1086,"[1, 64, 0]",420
1087,"[1, 64, 0]",420
1088,"[1, 64, 0]",420
1089,"[1, 64, 0]",420
1090,"[1, 64, 0]",420
1091,"[1, 64, 0]",420
1092,"[1, 64, 0]",420
1093,"[1, 64, 0]",420
1094,"[1, 64, 0]",420
1095,"[1, 64, 0]",420
1096,"[1, 64, 0]",420
1097,"[1, 64, 0]",420
1098,"[1, 64, 0]",420
1099,"[1, 64, 0]",420
1100,"[1, 64, 0]",421
1101,"[1, 64, 0]",421
1102,"[1, 64, 0]",421
1103,"[1, 64, 0]",421
1104,"[1, 64, 0]",421
1105,"[1, 64, 0]",421
1106,"[1, 64, 0]",421
1107,"[1, 64, 0]",421
1108,"[1, 64, 0]",421
1109,"[1, 64, 0]",421
1110,"[1, 64, 0]",421
1111,"[1, 64, 0]",421
1112,"[1, 64, 0]",421
1113,"[1, 64, 0]",421
1114,"[1, 64, 0]",421
1115,"[1, 64, 0]",421
1116,"[1, 105, 0]",421
1117,"[1, 64, 0]",421
1118,"[1, 64, 0]",421
1119,"[1, 64, 0]",421
1120,"[1, 64, 0]",421
1121,"[1, 64, 0]",421
1122,"[1, 64, 0]",421
1123,"[1, 64, 0]",421
1124,"[1, 64, 0]",421
1125,"[1, 64, 0]",421
1126,"[1, 64, 0]",421
1127,"[1, 64, 0]",421
1128,"[1, 64, 0]",421
1129,"[1, 64, 0]",421
1130,"[1, 64, 0]",421
1131,"[1, 64, 0]",421
1132,"[1, 64, 0]",421
1133,"[1, 64, 0]",421
1134,"[1, 64, 0]",421
1135,"[1, 64, 0]",421
1136,"[1, 64, 0]",421
1137,"[1, 64, 0]",421
1138,"[1, 64, 0]",421
1139,"[1, 64, 0]",421
1140,"[1, 64, 0]",421
1141,"[1, 64, 0]",421
1142,"[1, 64, 0]",421
1143,"[1, 64, 0]",421
1144,"[1, 64, 0]",421
1145,"[1, 64, 0]",421
1146,"[1, 64, 0]",421
1147,"[1, 64, 0]",421
1148,"[1, 64, 0]",421
1149,"[1, 64, 0]",421
1150,"[1, 64, 0]",421
1151,"[1, 64, 0]",421
1152,"[1, 105, 0]",421
1153,"[1, 64, 0]",421
1154,"[1, 105, 0]",421
1155,"[1, 64, 0]",421
1156,"[1, 105, 0]",421
1157,"[1, 64, 0]",421
1158,"[1, 64, 0]",421
1159,"[1, 64, 0]",421
1160,"[1, 64, 0]",421
1161,"[1, 64, 0]",421
1162,"[1, 64, 0]",421
1163,"[1, 64, 0]",421
1164,"[1, 64, 0]",421
1165,"[1, 64, 0]",421
1166,"[1, 64, 0]",421
1167,"[1, 64, 0]",421
1168,"[1, 64, 0]",421
1169,"[1, 64, 0]",421
1170,"[1, 64, 0]",421
1171,"[1, 64, 0]",421
1172,"[1, 64, 0]",421
1173,"[1, 64, 0]",421
1174,"[1, 64, 0]",421
1175,"[1, 64, 0]",421
1176,"[1, 105, 0]",421
1177,"[1, 64, 0]",421
1178,"[1, 64, 0]",421
1179,"[1, 64, 0]",421
1180,"[1, 105, 0]",421
1181,"[1, 64, 0]",421
1182,"[1, 64, 0]",421
1183,"[1, 105, 0]",421
1184,"[1, 64, 0]",421
1185,"[1, 64, 0]",421
1186,"[1, 64, 0]",421
1187,"[1, 64, 0]",421
1188,"[1, 105, 0]",421
1189,"[1, 64, 0]",421
1190,"[1, 64, 0]",421
1191,"[1, 64, 0]",421
1192,"[1, 64, 0]",421
1193,"[1, 64, 0]",421
1194,"[1, 64, 0]",421
1195,"[1, 105, 0]",421
1196,"[1, 64, 0]",421
1197,"[1, 64, 0]",421
1198,"[1, 64, 0]",421
1199,"[1, 64, 0]",421
1200,"[1, 99, 0]",430
1201,"[1, 99, 0]",430
1202,"[1, 99, 0]",430
1203,"[1, 99, 0]",430
1204,"[1, 99, 0]",430
1205,"[1, 99, 0]",430
1206,"[1, 99, 0]",430
1207,"[1, 99, 0]",430
1208,"[1, 99, 0]",430
1209,"[1, 99, 0]",430
1210,"[1, 99, 0]",430
1211,"[1, 99, 0]",430
1212,"[1, 99, 0]",430
1213,"[1, 99, 0]",430
1214,"[1, 99, 0]",430
1215,"[1, 64, 0]",430
1216,"[1, 99, 0]",430
1217,"[1, 99, 0]",430
1218,"[1, 99, 0]",430
1219,"[1, 99, 0]",430
1220,"[1, 99, 0]",430
1221,"[1, 99, 0]",430
1222,"[1, 99, 0]",430
1223,"[1, 99, 0]",430
1224,"[1, 99, 0]",430
1225,"[1, 64, 0]",430
1226,"[1, 99, 0]",430
1227,"[1, 99, 0]",430
1228,"[1, 99, 0]",430
1229,"[1, 99, 0]",430
